Interest Rates,Employment,S&P 500 Price
4.0581311290499436,59.25664644193098,2154.264209339765
9.531785910894204,77.0950473689179,2117.4469976799996
7.453942447208348,93.64729179382041,3765.636451302592
6.187255599871848,86.61124432047805,2123.865499623765
1.982177084203147,90.32805739307248,2179.8743153215773
1.981947943193925,82.93916833553587,3398.495656044909
1.0517943155978948,84.61382822589263,2624.34960612635
8.728673384861883,92.45978257826596,3441.776392387953
6.210592611560483,62.483400442959294,1663.415393910963
7.226689489062432,74.47124818215703,2718.9279841834605
0.6955526958101232,61.06047209098011,1584.0340004582065
9.714143595538946,99.38340039983234,1656.6330086383864
8.408205087604006,97.20296698433066,3766.0936333610275
2.5172215514436234,51.9713405684253,1848.113427793988
2.2273371884674558,85.27875862578442,2831.0517056880426
2.2423428436076214,96.26241587078329,2527.739006501766
3.3903013081156086,59.02876725636668,2368.358315647107
5.48518610050626,78.39726152763147,3749.583364218181
4.603477677100099,95.77441487940209,1554.5584919387238
3.2666768318813983,51.69729892928994,3159.474215438973
6.312602499862605,84.871013362342,3908.486085533876
1.8251916761943974,64.86745036862754,2900.4204586546048
3.2753741610845726,96.21980976882652,3842.0561550827297
3.980437511290071,98.55291225826838,1630.6446982150594
4.832664850061842,97.2133244556717,2546.983297685403
7.9591716332336295,73.71071083287319,2150.394477405128
2.3969009305044175,93.10213254946567,3327.0524124518242
5.385227164929311,92.22746992675351,3953.2427262431165
6.127938404189403,65.95502366216279,2141.3251561106194
0.9412789208399783,91.44577370753387,3135.436503685186
6.271676093063665,51.85038173577463,1995.2440818993502
2.1199791750292696,79.81349392410266,2913.3256364290246
1.1179901333601554,61.50044186438515,2659.8312167208405
9.514412603906665,56.02834428886394,3930.0133240788427
9.673504314208314,53.84766008146046,3021.3181817411664
8.17977480710638,84.81443879390699,2373.765930217047
3.3938308071470216,66.9937481884033,1785.2394622198335
1.4278850830606467,86.23833857643808,1878.1170718373364
7.00021375186549,53.26781703994712,2063.2923248780876
4.681448690526213,65.76451689153052,2127.416653350745
1.6593632310253987,76.97456461876686,3626.5401446028445
5.2041806460570665,89.53615824194819,2903.0569707063123
0.8266909505945748,65.9376251466035,2808.477278435916
9.13854381974843,81.29456882185045,1786.9221796730437
2.9584098252001607,94.29888741180935,3650.3492333735876
6.793961701362829,80.79315940911523,3307.0357580212094
3.4612552228494042,61.64797373768169,1669.170904750004
5.440646201189203,51.220039077826904,3269.5877430744217
5.693747653761156,93.50494369504649,2858.845543356615
2.2561173274925066,51.063470542519354,1704.3133643669457
9.711053963763307,93.73508363420997,2645.751603821641
7.863761821930588,76.4468567013606,2711.7407178251174
9.425239944859797,96.95338492564481,1914.4363504081894
9.000859829062664,89.93916178868326,3864.245367500706
6.1800497987053085,99.89670552666686,3624.9384287016546
9.25780523271961,67.53559077258551,3172.5558433227707
1.3406787694932352,88.35941444655634,2655.738902501518
2.3618371929818793,70.0965456804621,2529.4138539612713
0.9296592446501116,73.99378101519544,3127.4336678773852
3.590638142251011,81.37527316091851,2863.5796735172635
4.192434252050079,93.68385570931693,1655.682764704714
3.077815801852011,99.20417345996475,2781.256621925829
8.373006336943329,88.41367069322591,3516.0090430820987
3.889156603589098,70.8883391083667,2648.0996939923953
3.1688778420301174,71.06785011385351,1629.891443885671
5.65561279000336,86.87911507944457,3465.6954984600825
1.8387801372602453,61.938857288415115,2003.409455339936
8.120871317163378,55.52370565656973,2146.552087220097
1.2082311149578229,67.73110788203883,1911.7658835807397
9.875425897704915,64.36194958270409,2325.5376621787436
7.836325308318245,64.81540602279951,3391.8787642215875
2.387798974574638,61.680387552495496,2798.4646487598434
0.5524601126742228,52.104659481818096,2012.2031853767812
8.246883570320925,50.89369673667069,3694.5751953801023
7.2151447665523625,99.38611948680158,3698.954637378823
7.425568096389379,71.38865668679311,3676.446062615017
7.827068293516485,69.21633235798409,2096.990528453848
1.2034241914738584,83.9823641346535,2628.09836045247
3.90542442117059,60.912694393253204,3962.4741403521875
1.6007560654887323,97.49805919751127,3430.0311907749756
8.699482545818139,89.3172507207776,1567.9185530638995
6.4213322048618,54.47055011561297,1663.0114781512302
3.6435312361001673,70.87903878924642,2659.828442030832
1.1038043277172245,93.95591537810824,3773.0505146539003
3.454332056298791,97.2366011145705,2846.754494881786
3.5892415592540967,73.37007556249348,2744.5312700857257
7.431258694211609,80.67056946053539,1763.6842498915764
6.556795977874525,58.35169730460376,3141.9502618107354
8.928521054475102,99.55843130684883,3555.2579015005635
4.986041789038518,61.58358506917217,2451.050018768906
1.636145336413866,97.13658870675629,3439.029627313319
7.275825478618453,82.48233244961843,3911.191634752029
7.727457961860526,80.38683974394296,2009.4161478192227
5.832133376910214,75.63442555082543,2808.3240779868534
7.824188209568329,61.53349058588793,2217.8448952114386
5.191058165461712,58.82640160027542,3482.1360475845986
5.465961879128944,61.02431045350877,2943.9834147028937
4.561639674406221,59.32191310721272,3086.4560438757594
0.7414817040689043,88.97922367833766,3494.7853990397352
1.5249685564363924,67.5062629583365,2489.9261816561375
0.7985772640239754,52.89213382816982,3787.725171017608
6.545898907005914,98.45513150704056,2832.57216811535
3.4863818202251036,94.18929424817128,1894.88705708837
5.331421566064677,96.38761415976064,3239.747795422006
9.121881502297883,99.74539113232177,3483.1533760956363
2.868276176914312,58.69476246097437,2291.904192668817
4.398637768838483,69.81210094513294,3642.9481424968826
7.677735816158963,87.91192378520456,3765.358136914416
2.6735825721704134,84.8010309026896,2192.2612184445225
1.2313091433735335,57.69479531699275,3958.803681788055
3.252638802680796,90.79165624953089,1851.778820121896
2.0316022289130418,61.22202859183304,2005.039171006225
9.332127697254444,61.19088074113115,1960.5620980950653
8.17714360586196,76.84872114467068,3734.974275019676
6.517335686849023,79.64699674208515,3135.7313808124045
8.778875606783318,79.00431039189056,1880.2607080556822
8.134884730541588,54.574341869887746,2600.8085459208723
2.2724155594173405,93.87304313151901,3038.245062674505
8.97931048565479,63.2800021294353,1708.6602124734582
5.623751298198682,56.47574606414021,3706.040921018347
8.170681474058593,94.43740399344887,3509.008838603838
9.012867349273186,97.78257491148767,2763.0169339415957
3.521033012232707,93.10638086327253,3917.816538147926
1.545493283012929,90.4758037362439,2544.4024481877495
2.665384044148446,82.7620990319511,3960.2757975912446
4.557523991949435,77.54286853045696,3169.7999970090677
8.271140276263685,54.34933799557051,3086.6781831348535
8.676940540935263,70.42266065353493,1914.8872382394625
0.5660452400463116,68.6344258506157,3704.81939576161
5.352099374486874,62.98768918801631,2568.724219801538
4.465404529913401,86.17100568442925,1905.5835144561984
2.6100241994719373,74.79378675393855,1531.5187999393977
1.6387209896699866,54.0523107953824,2899.389209095956
3.7073441283344657,61.009160097490565,2818.499055306691
9.457642187168933,84.16293818297979,3298.3840559228966
3.570427854197175,53.80654297451501,3725.6451325445055
5.428510906561978,92.56034570243844,1698.5164616075738
7.17868010950419,74.75732635069872,3328.7412258509057
3.9544812226032926,74.0293288663324,1968.5298602439557
9.731929785849127,79.62038923297588,3645.44263289291
9.643249301950057,91.23404829625746,3547.65878465414
2.8919318103409593,67.39046039510966,2851.984387463861
5.223860805977662,83.90080762795318,3275.6069965582788
3.3583439432593116,78.28659819978955,2285.875282959371
3.205984696585942,63.35141350847107,2677.9197473320364
0.8504259998680616,93.9314993177579,3554.0922442761794
6.29086117280902,89.8713010803464,2648.1629929330347
5.2754507206741845,82.92259173292128,2394.4956633136044
0.9890481368748989,92.52908645471209,2735.53111812575
3.1471414102478086,93.36471004799012,3570.6231310930457
9.128525916683211,85.41814883575174,2338.020118427182
2.775837961336238,91.85066641818361,1934.4039828393595
1.8765012848666194,84.87357308346418,3280.035050826952
5.149801222636849,84.00703858801502,3564.9455317702045
9.863679314050707,80.93056891075922,1751.5936963088334
2.799525079359254,87.63583197788206,2099.685281889862
6.885287700355846,57.93025526465368,1854.9299744024847
7.735386345622817,94.04353795994642,2369.8535289554166
2.7575566679277967,93.5921763872616,2625.8774472635314
7.418055311812666,51.462364151727954,3372.0658424082662
3.9939397608329057,91.29083752823814,3127.868962204185
6.506905390639005,56.44349337367226,3052.3214186960777
6.5185322522285,66.7559427129571,2380.937366524136
5.589859498710205,87.1754128145804,3603.6188827119
1.357752815516879,58.03799480241541,2678.217918495411
8.43537370809776,90.8983512059531,3947.7623450378865
3.5474106172314905,91.6067088978871,3085.355345739342
2.271925848798615,75.37338668804182,1815.661853911257
0.8873638447702572,50.31929358584168,3190.4439051885847
6.113482960288297,64.35190665874563,2312.7600385792475
6.936861437501683,80.84634591878711,3215.817991715244
0.6575843748146335,99.05930890137117,1674.1028704060143
5.364884053843169,81.59067635083342,1937.2035929398985
2.6517098643804107,62.99017905320799,3639.3431472644656
6.629141508889774,81.70028515498056,2067.948892558787
2.1564810755474184,76.99926898579278,3592.6028131073504
7.063908511973427,88.99226975755718,2198.190221136026
4.173985789855106,55.34903194134792,3107.204775146769
9.398934892998978,88.05139512510141,3235.3764337745774
1.8064489693869359,77.06332893380551,2781.6368828626323
3.7401303349774557,98.14960019294973,2263.2766917418285
1.577998451785596,67.0936083019343,2031.6109409277403
9.284589373646346,81.6310946566974,1582.9733864060656
8.83472385711932,96.60140527550087,2259.8660031018094
2.9504454632939785,55.12548639953396,3132.9069763282077
6.7698484373247005,96.86142436182256,3845.762046121207
8.263610901911552,84.39428611504067,3678.01120565763
5.774407710194892,53.39185295525859,3415.1619413382564
5.531680494382061,65.04817834734081,3471.1183581332466
2.797596763554291,85.40860443226407,3162.462258689988
1.3844762941560425,53.36753007343859,2150.7171439150075
9.023549700556604,79.10852300881366,3767.9875767645744
9.05397154305164,67.29415284764784,3176.830779764585
6.514463844096046,81.04577588837385,2901.1015774510997
3.7207830149626564,52.28710169062564,1777.4736730337027
3.8174909588202786,93.57684030761882,2617.6388595160633
7.396578949267274,98.67444845886985,2650.8956780048156
9.022547469549483,98.44389276428458,3661.409023806675
8.927321030518614,87.48259158714623,2866.6205504694713
7.908817685647427,56.5043120065316,2451.0013724260243
6.599300638465734,87.91315979645113,3942.0008212766484
1.299329667452964,51.229345822940076,1776.8014833157893
2.0354727838988307,51.106177576449866,2556.371070779862
9.036264791007254,66.18051095747705,1605.0616879285133
6.261076066766105,74.43215952023328,3349.7603019173257
0.5873719903579817,88.52037089038966,3795.1913804978767
1.463979657227305,84.16476883032526,2200.0933238762236
6.80326680652653,72.29513531883742,3645.854191997802
0.5480850465390775,63.68133331408329,2230.5455761547446
2.0276764884662373,99.85622500788556,3776.925404109788
5.712970998982568,71.30906511179865,3384.90475899196
7.073004378080586,72.56935121648377,3512.2669421035966
6.693631965274705,58.181191059583455,1545.0163890011363
2.630558439875318,89.74047743749647,3907.0258926850647
7.265702602801591,84.68411128907442,3316.6774801758083
2.7538663312196006,61.03848063943802,2261.877738465333
3.591297132513043,54.11905228079213,3573.4866621471174
7.591668348621229,84.02496510373565,2203.802996037325
6.671512540948539,82.72556071405677,3681.8845989153197
8.56762239969469,63.662976349910466,1781.4509760298424
6.747322476853262,97.54317811252051,3259.2149436519894
5.8989317316869805,57.55289458904501,2851.7461916122757
1.3899102943668784,71.6167400521301,1741.336175488602
3.9933001290646186,97.18079600837994,2104.7345706470974
3.0194224929763918,70.98636584630611,1531.0100906932869
2.817901612101294,81.92629738320429,2671.9199136612647
9.743600270148233,69.87971989813971,2253.163151900001
4.234428384334224,63.7107601174335,2995.893710744397
8.974442274182577,99.19888239799141,2243.094519271543
6.4958169469739975,70.46670031575215,2249.7977787674618
8.05070738364566,94.70496018395673,3357.9829968290087
5.275052384499325,61.49773029455431,1620.3570899458837
5.980586903950411,60.655235201254165,3757.237487979968
5.178918091279207,51.55670414422557,3630.659685977954
2.354808384081423,82.58334126879424,3169.5117080660166
7.3632950949843,68.42631718618806,2983.0539252684607
3.16733744318813,93.21791249198185,3730.7562453491305
0.7310016810988115,73.66049533457786,1963.325448821786
6.631986811118094,98.40967139573608,1697.4229054770715
2.182551454366965,59.27627578515606,2098.7754247738453
9.434356551352685,93.43115839778054,3486.4456967504757
9.562321481524581,88.82984263958708,1586.6756668162084
9.191211707094261,88.5460922322026,2957.017087708724
4.016507652426721,92.23916140584438,3988.593790478275
0.6468378570242406,88.05119954714993,3639.2402345938485
9.31902634458339,81.31101608157077,2803.6142226089737
4.567749409014486,56.56224388411938,1659.102273216606
9.68322078091486,51.6263089745626,3578.4337859642746
9.654389782347902,96.04239239078434,2997.446270443026
8.60358982693992,80.8325157260369,1787.3324926489172
3.297264474661064,89.82686454880881,1734.6432120583904
4.158428421718289,74.0761175756275,3774.067048591481
8.585798379410141,55.86540944811972,3173.000657345196
3.510759048984638,56.259289610127524,3573.216998291889
2.1101810935178786,84.27826436144858,3697.4472507056685
5.789611993354327,71.51529474497313,2929.4308801208053
9.39347035452742,60.02623633501683,2793.615879387603
7.112283068412244,74.57972733707184,2576.0685258024755
5.915581115848967,53.21044685375671,2292.366469477798
1.4231766908223011,79.09857009571994,2586.4899021467795
6.342568653642113,63.449670221754886,3434.699139325391
9.9055115759905,89.87795503185941,3004.808577537829
1.8307981447469783,65.51809794617868,3731.308224887115
5.424131697455499,72.76100745409006,2608.4500359479694
8.835044183315576,50.58102699540503,3017.723946796885
7.537301868664942,53.62234438972794,3078.2688827299717
7.121649539455046,69.62467782033424,2979.2429057658137
7.173598797877538,73.99694173585618,3256.584432713791
3.915165936587674,80.00102740596519,2093.5836709370155
3.289122520512687,64.58312893546517,2780.9094438644765
8.18893097704588,84.74909430632712,1760.5620070208693
8.196077249452216,93.00611985946023,2461.2783191120316
8.737187026510986,88.99254944466749,2719.167671553161
9.175785249286477,51.980941267417855,3130.5606488636813
5.357752789178909,74.02534736289145,3876.3276314655086
5.264404799528396,55.246508920908745,3001.6276663708895
8.083804200184364,62.10225079312637,3358.9847904413996
6.674657342388769,99.33312966335733,2765.665148738007
7.168685333948182,57.12477714507566,3085.2600784408282
8.06003035964296,74.9444076725678,1677.3305403344336
8.95505074726688,80.90778671590596,2135.9789521046177
3.7109539900895903,85.12324852720519,2404.632733012847
4.068038050079468,77.98243417434571,2681.233387516284
1.3928284284882555,50.48854237095918,1614.1218637559593
5.993661339463653,66.3230654121996,1850.0602438832943
0.8414516010690498,75.88558216923558,2192.0357694782642
4.923181172258372,54.39332495724167,3928.8317272526265
5.655124029721978,67.53134656045904,2328.367517757627
3.222141895218702,51.66015543956833,2705.102645280206
6.112915975405603,53.928924857751035,1990.2442818459824
0.7897523744209696,69.8461638100798,3026.9501776894203
0.854807793117537,56.63578770215302,2201.708038789936
8.314705326266754,78.3770424130779,2017.481446096067
3.9218110934069976,84.47324845686329,2791.4315711149475
1.7070748701929055,90.02933495545415,1513.764497901052
5.461310970520642,60.007512212240506,1519.1600816230634
7.8149387544368025,58.37412911295349,2047.6720227546443
2.55029976122001,55.228392016720015,1591.8034062520528
6.417459520280502,81.82151247718184,1770.0643853267284
1.310800917440796,85.32378632434506,2347.151623346879
0.9909763511017731,51.5793072412821,3506.464198949532
5.547868999897406,96.81061231218449,2930.121608423252
5.6360336552960115,52.59856418257362,2781.669314891041
6.555584064232963,77.06481676505352,2233.722058020304
7.397867670365285,85.45302597254582,3829.384298582041
9.770594754894079,93.54845618730428,2492.537603092979
5.404853308861355,85.70434660662139,1717.7319169894288
3.5680864929418368,90.08640415348958,3042.666290294503
8.054268850302684,66.97250962714031,1784.5959836915035
3.072906386989705,90.7412556873256,2363.0578570042303
4.670228496703543,54.00574231923376,2768.529846794522
1.2453356227515266,94.74083280302638,3685.5563117129395
0.7408320624468463,77.37961880768681,2733.8664508502966
9.645159939440289,90.86488849812469,3255.646915079161
8.441811144865955,72.615914225915,3982.042097497676
7.111754957890131,82.17888475982625,1828.722799744954
4.385052971935564,76.32013304680567,2186.828813798799
2.146296040673035,86.5794760877666,2486.440188994116
1.9861519053753174,54.08149910152948,2554.5704463470784
2.8773075325636555,53.01760419952819,2527.5526881638643
5.717653314708144,62.355161700507324,3769.0275063913873
7.2886612656505925,57.97723400565942,3285.081611167141
6.771875078818447,93.58917832961009,3019.7630352267597
3.159372020986457,60.960699367902215,2273.4317946569554
9.571220166300344,98.79326279095656,3559.4759605532367
7.510020708609801,66.84478958855534,3887.6512787124725
5.766363498858307,59.10589578443496,3552.9957063755664
6.311347089226346,89.48492535712396,1503.9127629786822
4.486200593064004,82.9353887750438,3091.0034254585175
2.853444400260996,74.90978582265694,1627.8384536052517
3.881740447186985,77.76817754688156,2144.0180508343046
7.699538049411506,85.96008891361319,1648.8117508694293
0.6367381419826807,61.422737066564935,3009.488632373469
1.6026900848157042,99.8166958028371,3216.474783731517
0.9370250992066511,98.73965810733915,1786.2190951647628
0.8869236220302164,82.51628431734684,2459.597207612449
8.626875548104568,59.97712254645725,2640.591272388855
7.184749664110225,84.01141212156458,2422.6325544022916
5.00465137632959,53.60992044895879,1802.5625012129826
1.429424526184514,51.532625110290304,2547.3694754686885
5.1703508136099074,62.884144425560685,3377.9451195210454
4.997981822415374,73.13114783696582,1677.5191613331388
2.145417764145144,93.41362527041903,1700.4500352047587
4.621590667760744,86.3584534883154,2386.9282295899607
4.285794976775048,87.13532605999904,3854.3142790473125
6.350575931496056,71.27466672240377,3171.431616807285
6.533389683242616,67.29674962734815,3196.674891681412
0.9303880928344229,68.55193814923014,2404.7999770946626
4.058819838951477,99.3824781868029,2984.151978021346
6.445669199285246,52.005459570624126,1525.3279600693584
5.2797944565108335,93.35157480612243,3090.2401160238555
8.636653491289062,78.93377042861967,3783.2173689405918
6.757589500379978,71.93077095947953,3031.4336708620476
2.047877057273582,86.26288302075682,3684.246483665863
1.1704031003040836,74.33344707123514,3309.9326386652347
6.6029831429599986,93.67116190408302,1801.3960410092257
0.7518574501454072,95.03509320056293,3756.1332682146044
6.064868022097901,71.08604634367276,1666.1096108894371
9.432187293537098,63.841389861752575,2834.9186813694096
5.96700468982085,79.61751642966811,1855.342809483644
4.187614298961958,95.61816728083454,1529.2665268272601
6.611238075202355,60.53310945028333,2555.0856503190976
4.853402459669408,81.14832917817414,2237.6017691353904
5.683359498501382,81.57801100462603,2715.001234494008
9.44391568337699,86.65565112076405,2942.999716836377
4.167975059107356,56.57838425636299,1609.3476807723684
9.631310356327186,85.79124823410443,1807.5082378093641
9.100831098582606,95.45162603328205,2896.6059911260636
2.3600157804983164,58.984155443512094,2357.9183829316457
1.1589323583140718,61.87716624619388,3322.93371887362
1.4573910130855532,98.56975470208198,3130.7291214798493
0.6731073436897224,59.04884763547449,3614.010907474767
1.3972081271813197,92.71925466847895,3231.232066673063
6.98856434745539,74.61389282240174,2574.8276934753703
1.1762921603721754,62.36155372015885,3182.416555986081
3.530268487790732,93.53749506362557,2188.4529356385465
8.526315454209819,72.26526275013327,2265.7837469455317
0.7210833894903457,75.74086769648451,3472.4628998019834
8.237450584594889,67.96166846998828,2616.0487910039556
3.1776203603472992,79.64754257174637,3495.950851295881
1.6225658624057344,58.17619362925114,3556.055934170696
7.119003070959431,69.55407683258804,3643.9058441532093
6.474957044408898,98.47061611676438,3791.5880896030185
8.835984128507002,62.90667163505638,2577.463051283241
7.483174916136915,82.8368332270646,2297.167045802847
8.133068838656062,66.25950321123474,2955.496866485285
3.1793284394274117,88.67365628433004,2427.931058594069
2.185675665907367,56.54368303591749,3002.6854170005827
7.6308401405881545,98.49105225392724,3263.9646566095616
8.164930023039009,72.68947706918196,3221.012546230342
9.909798849006396,61.8025231673232,2436.3822175503033
4.419867930658551,53.67483736650063,1917.150504246882
4.03417181503144,58.48789525437704,2576.3233461555187
7.87592312704897,75.98869742780089,1856.485360204772
3.7376336324036696,66.85015882156432,3725.2425879595207
9.342194593233865,91.44416829413046,2364.6936518446437
8.654921142508613,71.5443761830903,1886.1493680583094
4.575443260062674,62.435713629381496,1563.6193997643772
7.633275144019225,80.8572493302015,3114.5559657162107
7.668157303804482,85.33886084427229,3092.255793636858
1.4796767539413598,58.35209539504749,2351.510416453229
9.074252613455883,58.380960814415886,1679.2797221191274
5.299897538254643,51.83357134667715,2524.07223723808
8.351345928023544,86.82010075328202,2278.043737658484
3.5404712097908115,83.19022638109026,3192.8015993375234
9.007470670713904,73.7315437874907,3014.448123631726
4.19741594797455,92.20852244845986,2411.4843204938497
0.6029576890628344,90.28350764750266,2044.7313856374753
9.101128775983005,79.2677182198376,3970.0899153889795
1.3672234294682688,93.41356402566294,2635.004052990287
3.533479557108941,60.292060501838414,3220.6855894505925
9.525588686982648,55.5959809698864,1851.382418945902
9.530767895906783,63.48748057584948,2713.9742491484944
5.947659937171218,52.854342804465745,1568.8417996736637
6.502453515613093,76.5584764000516,2763.637794776125
4.760232458794038,96.83028461474808,3910.043517794256
3.285502331131613,51.967177033425486,2460.5167824645005
3.6223131810142015,56.105495700501336,1597.490031437279
6.888925332731865,72.60995141417176,1577.3894772983588
7.64755802965796,96.69375087639524,2469.9668998671737
8.02000091539556,65.80780524883752,1900.062341157985
8.001372356548263,75.36174043441963,1558.3802408204647
1.3664579789625586,52.0786429525196,3390.534034875442
5.196992894674524,57.41716004810444,2646.3075222047264
1.0468082201581206,99.33150614794235,2223.111929931636
5.720524382075488,98.25593482180227,3750.2079575412017
4.694539763047081,50.24699904672048,1790.347400501314
8.933189736203849,97.59058927116195,3889.797072388298
3.8336926192447476,81.95599689077503,2284.916793443382
1.6121366560622556,93.39591472600111,3721.009180771703
1.8584209795019406,72.73699278169295,3007.3571911986537
7.734351001315987,75.77980142896251,3566.7683993537185
6.37307160150448,74.44232901284602,3960.032908026161
1.4606654231665073,83.34321287730522,2221.013594546864
1.2990146580924757,56.98256273781564,3902.8387135189823
7.1592067488616395,51.4986794936339,2473.704737256051
1.1912485604598384,65.39649707955954,2463.7797618423056
8.307670563258384,85.23403813683234,2350.9677606362643
7.209301157986714,60.09267260614742,2853.519018368963
1.2728134160980478,83.67162166624587,1885.3626079462178
1.305958283809323,98.49560230536352,2884.278713395028
9.873075995761166,54.69503578947092,2854.26203102501
4.055572559683143,83.63010591125632,3404.754531512175
4.021100397135464,72.18751096522855,3584.124904843964
8.221595888946275,93.40711271887527,2601.10337578106
9.498861485146657,58.857489472369295,2255.8331233787344
9.867010106317274,84.63129761130823,2148.3372432927363
7.657092759959945,91.90576448240552,1986.55959176218
4.074466062543699,97.23071097370116,1644.1189554975622
1.2932568086373533,84.16240141448229,2356.119947086783
7.882895701310649,74.85873820042136,2175.619230326958
5.804840372490148,80.8923620100607,3916.0434646660183
4.530109087846275,93.44524922393592,2894.2720656251095
9.110366658399991,78.53048733194149,2368.192597576269
1.5563760819084378,51.519352984841845,2951.16900248424
5.179938490763162,96.54743477534889,1847.9917533642388
0.6078596252904811,84.47633755157806,2610.109373005507
4.9522760989442,83.82566928886233,3065.58580355266
1.034881118977455,60.78375761988586,2722.2445794811283
1.6287702045466832,82.94427351163286,2504.4470016358105
1.6164993443824964,69.69322028270793,3984.6209722492454
6.667497870102604,82.5616488520746,3700.7869053723175
7.587426353021521,55.32965151539953,3058.5148953986
6.0420032684230165,82.89226523015179,2923.443402955707
9.640639210508148,99.97068628853333,3051.65119956146
4.061270505475189,52.4106019430278,2003.280269556083
3.214264819677677,98.85870921106587,2487.8443581607967
8.751691717799872,70.34539803614354,1598.6488322272482
2.6241604659348,93.53767251686295,2688.865093717067
9.650614124685807,89.11927420291367,2857.561459894158
0.6154675095532552,78.3508130493334,2069.374340258024
9.71384885372257,86.92246046256633,3910.0721179137845
0.9100191635304731,93.92577806506739,3773.636527343105
8.965859580131676,70.20701608255165,3305.358088639765
5.513160536319849,66.35165807816193,2833.4665719134064
9.933165563133354,83.37966927817924,3674.922899119212
1.2010673649862893,90.39229709706294,1826.6308595586572
5.761615701812548,88.11425673883079,3476.2744856872123
9.70837408838144,89.89068244293173,1812.0520349171206
5.469429519616414,71.77916574064665,3485.5266563735136
6.479287062284994,90.89171080875107,2189.4189206283922
7.109612545353863,56.01045276853042,3692.7264525454725
4.818140115293845,77.22445489804248,3860.1052345634944
6.461801760798602,50.28793302490608,1871.9899235127891
6.0509859632694525,66.22929149501351,2656.6890126634835
9.061001099664395,68.32307674356989,3952.468445406713
0.9317406132438497,69.80863458046277,2708.5185899328662
3.169150301126188,84.7733603344931,3658.868806286363
9.528909098727308,69.42790506351729,2971.8288053282995
8.957505946963705,72.43468113112652,2438.3247697990046
4.828739151464273,61.87720654371637,2214.4588888146754
6.391259679114599,68.662589581467,2008.057727715218
3.1351212383207603,61.363481363157575,3404.495478444243
2.2871510173757326,53.659796188422185,2466.3512670575697
4.905134846929831,80.17242966906889,2778.188655501878
3.856846166247502,83.41063992775082,2730.8137000029546
6.044733062583285,80.97451730048073,2943.197573082828
1.238479051167356,73.17470219002863,3663.9428640613805
9.756750672828582,68.98928900896149,3951.8483589585735
9.869002072556228,93.16668247859127,2518.9605214345424
7.132536283187579,75.9540892568109,3568.7973052657576
5.592915480269144,73.95909388148655,3411.319486636794
3.4405123547201137,51.282103290321785,2933.822378638933
8.231052687216012,67.06239138130782,3890.1178590298327
7.004946139261853,69.00978093929285,2001.1862888210069
2.044860923776467,69.94113904484502,1773.1605257740534
9.153808252691503,79.00861846136661,3634.9049173885555
8.314103807770106,76.68012733634393,2597.8745415843705
9.523099176273279,80.39525463967223,3617.422135517651
7.39433532968942,88.2441630771064,3732.7255129885375
6.327444361390004,90.64928693580467,1656.1439840476787
4.473308844760879,85.90615381132471,3708.6619074651517
9.360920591863126,97.77618479774674,2620.7976384235553
8.727606950253879,50.91162913381808,2776.0812225105806
0.9295773660087994,59.788899284177305,3066.4812777330253
0.750486257723894,50.37814374890711,3815.956516825217
4.076401985341471,82.37373570773015,1547.7902360744101
8.200256642427412,94.90152744749935,2692.108670794543
9.879123228491972,62.174114828814965,3219.305106076402
1.9289604654835177,96.35172723981533,3306.7673942455713
6.144241795845284,53.01336951447804,3231.33107884277
4.118463137994704,96.72180134027572,1836.0878235203047
9.71418677923873,67.58113436198173,2248.488970929203
8.500129769789233,55.07104142246082,2396.7888135425337
8.46412269475581,74.29358795931628,3511.0930191987627
4.9525850180522175,62.8388283860254,2196.8996810363824
4.440785272207819,64.24364509809614,2026.7624096680079
3.097367183341709,65.36449824631433,3893.6200475952405
1.0355672181838076,90.15129489163317,1522.1582127836723
8.714862574423005,76.95806383376272,3994.5521392049454
8.222559586735738,65.56538495780018,3192.053247143489
9.99731789621824,80.51668916554593,3571.1732486227925
9.9680499522021,85.80753371115968,2236.548490865483
5.776601203224961,63.63120003667669,1535.7881941676499
7.805380444214849,70.67745507626758,3344.673796403825
9.475274433883067,56.09430466684738,3585.3614925016896
8.57165021143541,59.05746747673402,3351.190329883798
2.8498069665603776,84.05589269824914,1857.1257182520965
4.780169285445888,59.071917384781344,3383.5698056424226
1.7270144439392023,76.258169183353,3422.306955269102
9.563484758957863,85.45231308612163,3146.351289175137
6.25865902728336,55.34384615473719,3415.2898319889655
2.672106652282896,78.36561098144517,3614.80359919433
6.881156501855639,62.82813918506819,3034.010285593646
6.37221828435001,98.146343761879,1721.5117849241976
3.9025458213119846,74.17728233599624,2719.069524168027
1.5787971258964757,90.2996274887579,1694.1233366790127
6.879945358131597,77.51132710781309,2518.857577581077
5.442923158586036,52.170626642740956,2517.766222814069
7.837024721488573,81.65756877970111,1665.024610350604
5.441553260563937,97.57016711033285,2372.051334923698
8.59572425302613,80.08059100731656,1777.495246978287
5.743114968357613,90.95944297133951,3520.5880250230557
5.82891072958617,94.2103231674204,3869.220064911177
8.828209225254279,61.40398859744663,1680.7911881448465
4.333087229017772,60.60224199541133,3887.7880182292533
1.773144670281087,80.54904944254959,2806.441498341863
0.7734354249767202,70.55142349033524,2248.9141948846845
7.673803928899381,91.99306514333603,1692.1551881904088
6.392940737857915,95.00115616990055,2751.5606701760444
7.188757796942624,67.6710689651359,3486.2888612268716
2.523159534334652,61.8435279487241,3267.716193166745
1.7955290180743129,89.0262757621931,1625.5650286599343
0.6381743238448783,63.740301777406806,1682.2545884197589
3.8305818086626715,91.13071592568392,2507.183206581593
6.104218025119014,71.18691268243813,2238.2262351198583
4.226318428447457,83.37749496457351,2080.9608076401196
4.656011759225426,54.77676569173341,2202.5112472717838
9.08950759769061,81.19296623382866,3508.7068582422116
3.8084269367213532,72.58838393686145,3823.070134079635
5.382900147018202,79.3304231587737,2512.756736318916
7.944703621040859,58.40071038724317,3765.2775053312425
4.267156432052067,86.8436872472091,2303.7392531197047
6.409823652164798,93.13985387716143,2691.092465859479
8.69245523309408,60.836990004538784,2065.0724945399993
9.5204459247476,54.78572777600809,3101.19010543961
1.8971980688258605,51.18192930231682,3947.452787937022
9.302582439034197,82.0985750221633,3008.7327401084467
5.175104784255613,80.35470180443903,2394.5352102838724
2.9533216888401044,77.33487063570351,3119.543614976321
4.861789684263482,61.59735480579877,1807.301696163469
9.810309465212033,69.54529979527574,3721.6477006634964
5.179871892932261,79.72381675930865,2757.7098769495906
3.623140297731328,74.83834294295846,2623.374355099105
6.517308116008895,99.38927601074437,2964.661971133798
2.7813833783928343,56.821987627836656,3061.959656973506
1.2207016170323073,84.75722770237968,1679.4395155662826
1.7243573581511678,70.21593840521462,3206.5430530585063
1.7164354700988382,71.40998074628074,2104.829200788824
1.9430755883667963,85.87988828290881,3284.8815812664743
1.8188581401693962,84.62180756621848,3556.336985960492
6.588310075630539,99.56279968510941,3509.896268881301
2.2278608017918757,56.41971447270626,2881.2524185197226
3.7838391915767007,55.20548246920832,2800.424730776878
9.019489894107112,86.21694085643705,1857.1899033485292
5.0026355824972875,78.91934585032045,3438.3653760078387
6.841798515949758,63.70803332799029,2178.523451116786
2.1370387764154835,53.97096844944933,2741.7385570448664
2.3267456786823724,54.282912479821526,2210.685232318792
0.8882518545315492,94.70954373320592,1834.5709074992328
2.104883099185563,59.59336623593715,3073.894242229341
3.146608220803607,66.16857810577604,1635.8300870572596
2.1815996006290947,61.3328201113494,3371.6130853155
1.3426740706920284,67.74981529159686,2293.9669881527916
1.6460407754557078,53.47119213730467,1500.3367325112133
4.877398296310895,75.95298954541352,2777.8228480930748
2.460170324855029,53.380628179610746,1617.129771319008
3.9605636799567168,90.01782539111808,2190.423894552249
5.28246407312114,61.685604095521654,3267.44121863929
7.058750871978971,77.00059573022553,1656.7240540546647
0.8734653284904399,94.0039543780729,3598.3462308900057
8.094398789635905,82.5438684523597,1509.5498066464577
6.465053700163624,76.64788932756676,2117.0596730047555
1.2767108035142831,66.21668765576878,3352.2601403801787
8.798996929014384,66.6500956529099,2290.675374323267
9.248287805052225,83.4743477599095,1754.7309701650338
1.0802406186212057,99.70696806105838,2400.5847970010695
3.130337657398435,83.09195949246893,2175.983215961314
8.158912158034083,77.88917086850125,3606.7797554013873
7.608467058644754,86.5325255119623,2283.369793962858
2.2529496838855847,73.26028061418592,3472.331179440018
2.488818571698748,53.00711713003926,3729.680362026837
4.019484976518129,78.1148407938955,2584.543548941324
5.102968359314703,97.881264225269,3774.85785963598
6.373420329537812,58.76514711788298,2443.295134907982
4.004679575912838,84.50024454103328,3910.1960412252706
4.894079803264905,60.04668443295282,1723.2238113139324
7.600973912270687,76.79138422365406,3217.548166258107
0.84849042746068,54.83382248233598,2734.5351011423218
2.898150971268197,72.51854681290925,2469.1220136391175
7.276821065903248,87.8081664447623,3081.779696871502
9.004464958028393,67.37857621194911,3259.6427290858283
5.360935700098828,83.24558622436089,1510.9081741257728
5.5550781100204984,89.77249803948646,1917.3827218679967
1.5181341077278725,96.35889097397263,3282.615126585797
4.750417484822819,61.73210409277267,3165.9635339455162
5.55986403132272,69.9657957904654,3915.118762821693
2.803469784529932,57.62080066652087,3402.5944756269573
3.057810694019119,99.62417510791876,3876.931769328345
4.084199549493915,96.35004839621476,3256.3512538370173
0.6906763788884005,76.99785651402797,2245.1305215986076
3.559752073040194,92.10166471882107,1763.4123056271412
2.508756066467174,76.04789886360211,3454.559658362339
3.611224845690189,81.17928440013799,3110.3730536897897
1.6377402522828866,54.456221605800835,1620.4650309832405
8.960009167029002,87.7635210248404,2400.1261647524457
6.139128308763462,56.38567418176174,3891.9995387107156
6.951472031872651,91.30338151262642,2751.0028642755033
7.997126766769714,89.1014043835193,2581.8228400492617
5.235200889826044,85.43723488714882,2644.249012898235
1.325742736830525,51.80801902623811,2022.2068100129093
5.602512147276204,65.15641779726643,2421.767927161988
6.074990621198352,63.155628495542146,2424.5331399679417
7.581675004751135,68.00682037357595,1630.887550468681
4.600765689181954,54.382137338191924,3418.9190712947957
1.7120128765578557,96.84789115155314,2541.261079759697
3.1958711050878823,77.69011203561881,3555.449717041058
3.9492818157870335,65.27621553290118,3625.8700027997384
6.636213792650212,69.84907585371417,2029.9851367466451
5.922393894354663,72.36012702524178,3143.3837054253218
3.8829188960295395,80.02971666803086,2680.704510407454
9.871894863533306,75.7839713848249,3700.3918448037125
6.254860783890428,95.96959866072086,2039.3516979411352
2.7536545214919474,74.84817414529151,3194.533000775111
1.4669334898938355,99.60790074116564,3019.3803056318066
1.9521618222511543,92.57124788725478,2238.253693929582
2.836598419652827,60.42552571786679,1841.5022591279317
2.026473045965779,96.52976073219581,3129.0994011931916
2.2723867284874046,55.818319894273806,3346.4936453308264
3.2084041025915475,90.87248542455958,2289.068359408375
2.147049155300171,69.03116467382901,3112.0815100557847
9.01927153395104,93.89871602225347,2487.827269028758
1.2622205837856009,93.40283450537251,3283.0172082065446
5.48285820091742,90.29627000588106,1998.0381872351327
4.398769856401785,89.50152181535307,3725.537506590436
9.83259686063176,65.23395695490204,2218.523991163949
1.5643695705964973,54.04596415256261,2419.464969390382
4.279628190934545,70.14900893825808,1645.2298802008745
9.709969116116005,58.67622574932543,1778.780530803191
8.722317695992812,84.74755444512309,2789.65475678082
8.262184674018158,67.30498632688928,2168.9816918199285
2.9500768569269282,98.78051004299574,3588.7005643554858
2.1234320802056255,82.04860386726659,1536.7334716373846
6.852110589282095,91.12402818171805,2447.7351216798406
9.329071896712065,56.62623363709242,2343.3638669227316
5.789247483632333,93.10072411363113,1548.3190772940027
5.930320549964049,96.13785952566971,1810.9209975012755
3.1598013897726998,74.35309594094679,2534.1066872965885
7.810182865323401,80.31264688754888,2732.161461118617
2.276915611296472,88.24049004514977,2510.724368137173
3.574952745840315,58.741931363020626,2827.3441960302343
4.541646166855959,75.12830382317212,2987.829187264204
5.322298597502323,69.93315138861566,1524.809552819589
2.8028924579432624,57.31869960811245,2660.23789863376
1.5909498350224336,68.37672111457657,3908.748102218971
6.30089040319551,53.40861546927468,2797.5807003238715
3.24199025578243,51.29059534747435,3193.855668647383
6.021763103514816,56.758314457741136,2279.659644792208
1.966445795104922,98.15575557945868,3434.9784453819066
5.070830967620766,77.47647679475085,3432.3037046902878
5.559599609240066,98.291108057661,2803.2401191353474
0.9923235998130556,71.62489391650661,3940.034558198034
3.6977406428422457,65.59080665426298,1813.8755369066334
1.7769394309202553,75.3070931420122,1542.3691622239526
1.1020622194912937,71.9755844316455,3425.39552939274
9.90462220770448,55.2832342130872,3517.8888434122064
3.5623615272598683,82.0413157345103,1800.5180728014407
8.193807235619031,60.80190912547998,2163.957082396515
2.919086220255757,80.97939774489149,1543.8809084165723
6.974275861127328,82.51005461990766,2233.271526951412
7.722164668952022,57.601242656432404,3432.854684796679
6.158568035774521,53.06748135553341,2794.9013192814473
4.979973791226504,89.038079303422,2370.2389829207204
4.412488684399051,72.99002118846602,2429.3482372658254
3.814248532158455,52.90818977527379,1503.3840642886703
9.330526870354346,99.74331585848836,2249.5013189130896
8.390884373983427,52.88902804981833,3116.1468540948263
9.66775565133187,84.75176144292766,3935.486109540893
1.680823623112675,99.18394626317068,3617.6520674597487
7.44324101443462,61.95900521079628,1558.9874116138228
9.41423433979986,57.11246843435981,3746.4015116870983
2.2217141285737716,56.069246971121444,3457.996033246565
1.1317145399843862,65.16375737837978,3450.940308927451
7.540646168255561,55.052290550532334,2644.989397508929
5.957494575209163,84.60806708470659,2495.013232386257
8.497373379203584,53.114589906503134,2257.2893220829815
1.8278375779497502,75.47110640748949,1664.2371473859143
8.055039462668958,99.83484269264883,2070.588408734248
2.415459540453573,90.69851347530094,2116.5090874450616
2.054731457224193,80.76097191155054,2710.192674275504
2.060525080344433,65.31268103933058,3368.611016491735
8.238459842198129,81.19479181458192,2684.5245709948667
6.819373596613901,76.35207319558258,1644.6111236179015
5.469121535306634,71.30416919451858,3894.47450247051
3.9088895991732735,56.535518837009974,3856.8107977352806
8.83340513772453,94.33021076202334,3462.973857871021
4.228228520515036,72.48923244106612,3978.3197539105513
8.257694674979982,59.73112559103825,2861.205832000657
4.671781631417075,68.38796754386448,3906.920875633015
4.080972079536622,70.70648762644635,1689.0126015418768
4.895457963861261,91.37689477834371,2414.201870653428
3.36308980455935,86.6807190280701,2063.4531700169146
7.602289111674386,88.46524468206698,1989.582710335675
5.275843705878552,50.55156322143236,1852.0073722316902
2.7060206038947645,70.80769990898807,3056.0341039149916
9.0459584461084,74.06720758176618,3453.3046393682625
4.146966603045509,50.95961384115284,2945.7459985509017
5.663752180582891,62.99066043725171,1867.4067739705242
9.111485054163197,88.01449115610674,3527.8094248336774
6.430260961182925,56.855485286449955,3089.886767909321
1.6105313867294586,76.76550657262959,2470.4142653174886
9.428405174328013,60.76009360086188,3185.325738840157
6.463226504178469,50.60603873219466,2149.762448107082
3.681603339242318,62.06007287997707,2362.9805212355263
1.823084690302179,98.7936877455027,3793.7146078299756
8.043239298067812,90.07685559414948,2226.261264178551
6.390691181320879,97.97883221605167,2674.9706703948414
5.567880373775054,74.39270219631813,3725.352843490037
8.991979538984097,55.48680993387518,3269.3033756688187
7.991673506633042,77.39797444868465,1655.508065411757
1.940911357461136,72.71886672799805,1868.257610697426
3.4613596440577084,92.2178541369808,1519.603976929792
2.8606468282374244,54.90412903921223,3077.304475572909
7.567489779440431,74.4120568510889,2619.183563526046
0.8185581299899041,57.50243323469921,1835.687127255689
5.913952006277507,66.23379634450299,3894.8353026419263
7.7433575145365605,86.86785386938999,2824.1493098640494
8.82927354923662,73.80090646843833,2104.733235282223
3.7497766128011207,68.79441425728847,2751.508927886769
8.301944394384122,69.72381392850177,3199.0508318377697
1.5510015010744687,72.97233842029934,1690.5980449339113
8.541296771477922,89.25082719185284,2186.75953761973
1.7111422921538328,94.60423444701172,3517.4137272099842
4.274229260323489,97.76673432519641,2649.1621760066528
8.074305974905759,89.34516931276475,2866.442855080737
1.924215559813351,65.77034478740063,2582.0400055236732
2.677888254710094,84.4067353043271,1609.7498566075128
7.36139939973413,71.8801562027696,1914.3744495503897
7.340347097187706,62.73353110230256,2613.8540968547272
6.590902512410325,92.04357897129613,2022.9636635198194
7.0925102224374506,51.92131744811625,1624.9475716491968
5.655882211802163,95.08809960677118,3609.124160129559
2.8920910596160514,73.0738732312367,3952.9813229102897
3.784111938287235,81.86007384041402,3482.8571849918485
2.225178309613544,82.96769611028913,3634.4623042616677
9.13028033266947,94.75588703532682,2104.9428257926133
6.042222050278144,81.83348410836037,3901.5674387829995
4.308088459254579,80.69667923800309,1992.3142611335709
4.889055134619261,53.3326020280345,3878.5745259045807
9.499191726312246,75.9204010972602,3987.0482349148774
1.9568383296027618,57.50845004085208,3279.307014365122
6.069183404159574,86.87168843607428,3952.8593294795546
5.305942449402427,75.61109604063373,2923.849448917759
6.3088152366291546,84.01138896041766,2148.854457940226
0.6720467462979849,52.083645030119214,2592.489714164052
8.78517713496944,54.23960080229016,2983.9023384469647
9.355123683594318,85.81616940313411,1682.7039050675376
5.868765244097485,53.60421679993367,3055.8581615431153
7.118182826830476,53.56283638826293,3952.944591905736
9.26374412118431,50.605423761744376,1975.269124459319
7.218767025977287,97.82506991497401,3481.4877907209584
1.9491209076854827,86.87541797295034,3769.7469844490483
5.974739421584725,67.66257042510321,3859.253982050552
6.263792940637131,64.82677906438276,3900.339011013618
4.529241377372667,67.48516148729247,2803.6490968036796
7.496220238434867,88.73267655905909,3943.269769978759
9.376486640305641,83.06853055352072,3393.275517836097
9.292900872614375,59.259778393373395,1904.1785905924048
4.782974028339255,58.70546676670422,2692.250266169925
1.575761435487175,54.91978248566986,3295.82793843001
9.855991390142178,83.0151359850669,2118.3507895477082
8.469531821236373,88.2186331110868,3101.5379588722185
1.684295471431035,63.2523214162502,3166.501197616548
9.247997884865036,51.047248051545644,1906.7493595214146
8.764015439590219,54.10858337382137,2912.7132811318907
5.428961542697685,98.39300174225153,3429.0672774465193
6.117116639576828,64.77223887387102,2747.239161339855
4.290525686766237,88.46115739190668,1530.2577919402686
1.0202355688092977,81.23317844271318,1522.5961726982305
3.6843737956360587,69.09698198264479,2392.5733599250307
8.12710776168111,60.28436310977776,3815.485171079455
0.5440042185437272,56.06932090797032,2071.691949009022
3.6682421310658695,80.75064840194332,3085.909222179218
4.282602589113962,88.7316890318894,2055.1896767333014
5.605258227910268,82.19521267705653,2304.1749741488716
9.238628355921225,76.51510666245792,3620.1052240037097
3.790286946476632,52.097561171581816,3322.1536056748673
3.7960554180141632,98.42443887971919,1738.4981932830265
7.50626185704261,89.93570958272872,2571.7550524660837
4.796070438453168,64.64110183504823,1572.9244091131611
2.6337458179298285,98.99851646794252,2702.2253665075223
4.798175403260587,80.09407948181611,3156.08502925267
1.8381416936080988,79.12113291036232,1796.2565589953788
2.1756763718091214,87.4036589714766,2222.212347272914
5.234493841025057,90.58848940450687,2494.5915637553926
4.479791770293206,82.82393036657513,3798.8275616401243
9.191036060146951,56.40478731831,3983.13753855741
3.942742041608015,66.91337529972492,1612.2782474890396
6.015589327641413,96.40418201630249,3402.51980873848
6.506510735235539,61.230780592192595,2429.3101660058583
0.6243973375891696,68.60835119187567,2481.1454655737
6.803605034158751,71.6038441472098,3385.662433367557
2.1913416852626386,71.97024948472261,3796.0660803635215
9.630168015959823,80.64697912472627,3877.321486256371
1.9122959136545732,97.15379188723537,2942.806465095802
4.4389291754067255,62.034635591625246,2392.802898251257
1.3108218467471167,56.0750688150459,3468.872714646948
9.970305392536499,59.873524492996864,2127.5034581557506
5.270852598146805,94.34624501046348,2910.1850720837947
6.156157664540416,82.2905406327603,2396.446153812183
1.137226535190061,64.29533946195801,3141.5776842696905
7.624624468792189,90.79734694843086,2100.9972822337672
2.4941031344080646,93.0684998181718,1978.9823643370644
9.03151574968678,92.3257169345139,3795.5977166885928
2.448826584579068,95.94632668197772,1754.5092073738422
2.3115333463048326,62.612051008668075,2764.8947693373293
0.8472218445569013,87.75209643731392,2052.1319574075223
4.9846359785449925,73.026974863707,1597.3249083141686
5.865990765994856,92.09992764450308,1590.047045728566
1.1242320745693475,86.42453385808065,1938.0544302645683
7.867512358602601,88.82237232498623,3666.925886265001
4.8062439301062625,82.80809188405357,2206.196859942567
5.48170755861201,58.87143847348534,3876.147926438239
4.687246095913167,77.25134594484692,2954.055732472984
4.307249078315596,99.23348697622541,2591.5354744219153
5.81658314742807,96.86940332485594,2950.2220866736366
1.974782336341769,52.158686789850584,2791.7459630656695
2.228317239705076,58.24074078647186,3396.940634393313
8.686963399628414,56.58643867272809,2206.240164932131
9.48809689026951,86.29899549926478,2382.625979000756
4.046438504657653,90.88926649284726,3735.235756333127
3.072074394863761,60.675568315533596,3866.1412828760135
6.617995660770649,75.29263464759146,3731.395568716186
4.382974625431916,92.03515140056,2548.619984893284
0.7411703787732762,86.64007723831253,3450.9137575172044
1.9834496749788084,77.11186027459242,2690.8393332527467
7.301736174050276,79.51738452293864,2743.8496303652555
6.759777448146438,75.418027345814,2011.70027264321
0.7574119287830932,64.87742256594103,2977.8257581462913
2.6087355383630197,78.2510996429508,1965.3397443833699
2.6952105675866784,84.44426510250453,2328.9117476679844
6.88298106418792,93.66614579304039,3637.575504049838
0.6872501086664595,81.8145676989624,2017.689523027138
1.4890315288534515,88.0560768521579,1677.895712933582
8.099202811045298,58.003581747728646,1672.5189815320407
2.1961742895161693,73.07787372098949,3851.9613012577697
6.70108802459281,50.46658099135467,2767.3010949045865
2.762736419943902,62.33394322608115,2523.5301795425457
1.444693231213779,86.32308575565024,3527.1964525197964
2.8101358144948136,99.59049756746816,3589.56481977629
7.361535852628762,54.958904979360796,2330.4775827890116
8.629116447009714,70.07471579306441,3234.045143684488
8.38708871338642,90.00354843495798,3427.807039629716
4.273243531375321,60.20178173144494,3136.626717164886
6.846808797421138,77.7542474651143,1878.9876870002486
2.447350806450299,86.65356480148374,3689.7077087926427
3.2849034374796258,80.79927251300896,2847.7363818400217
9.015190275950637,59.401236730770805,2206.181065925009
0.6235182733519924,67.76922843428697,2563.0704635942348
1.3123310431174469,89.18958922426987,1593.9277259972685
2.4749194238872594,77.71132570660083,1819.667003056044
0.7520559368012874,50.261480677145634,3413.8668762896523
2.2236366333530744,88.0495380014047,1500.0290868884153
6.038894829212076,51.76556774701196,2541.4145712057307
4.50353323062873,87.2866891365616,2806.2754527139714
8.980381255231261,60.124028008261874,1636.5860500024307
8.26571383651519,97.90367400596901,3932.6954074308323
3.7472648411298217,68.39703756510423,2065.31332812418
2.9645226175972788,66.34658081690395,2260.496799090702
4.1070778775890355,57.44440251662223,2259.8562806375685
6.107801953890673,65.28021077451075,2076.041655293375
3.0466045878173245,93.83253809141003,1503.6845552157786
6.429414624566773,99.81671688136237,3323.361985219991
4.389410695816784,68.41547652534241,3917.1137494982136
5.744448218093813,72.43053154772713,2060.733708212613
4.6432020267855085,86.10354691013686,3157.6179795085563
3.297424715648218,94.30978902325373,3354.740817396788
9.510306416140489,79.6522167093392,3621.063447726312
7.754255044517728,69.57628490889147,2556.572992534023
1.8310751697812993,70.63109204243119,2257.327264101073
8.750445771030172,84.78090732484034,2313.2378350575777
5.13059638337038,50.16091318021393,3281.553332746282
8.998246155493868,80.97946687299203,3541.94866626409
8.098624931499494,67.77465052206787,1954.0349193915067
4.539528292457717,89.7098665638542,2427.3525203944127
0.7134584290411152,54.64953199115661,3754.850491872875
3.0524349141569878,79.41011334741953,3516.7337992368484
5.645525039278236,74.04864449430619,3962.1460069061895
6.518043088348399,82.11627629526137,3385.620649205202
2.9499330116154217,53.24267972414842,2482.9880025698058
1.8238827036918293,78.99918937140657,2976.5945849865943
8.431837249593341,78.07422939797618,3152.535635618301
9.851820716683745,78.03300472080855,1696.1395407928098
5.494056731875515,80.17438332982275,2861.2423977596627
2.1309532155588835,83.82339686131812,3273.302071181524
3.086919601934005,90.24944998403848,1918.3032600026509
0.674711427200934,63.49103600641072,3451.579293563893
9.185838662324741,91.2524705090031,2959.431951285279
1.6186352874563408,74.91278411317268,3880.554464243987
5.976906517385409,53.852913956716556,1606.0557455172293
3.103524596528457,52.92754646219896,2163.3153438886675
5.7646910239000375,66.71191593480305,3003.88469824956
6.68849368934271,89.24484885557338,2241.3997805148265
8.382547135218417,85.3840467370458,3286.0604101781055
2.4610020817257308,89.43074823362032,3397.5132063048277
0.6044603722555646,75.86345282208046,1756.289910166186
1.800413485653669,72.00994989777453,2784.6361605169195
9.050177097556999,57.372626335314195,2772.2263889776395
8.801955736843896,66.40963768046558,2423.2019255388527
6.175424470617929,71.70096830869376,3832.31215642418
6.204910174119707,54.43002148398086,3568.765799683053
6.817848408189427,61.03059763556056,3243.023454774092
2.166027146922771,79.91126470318694,3285.816589337494
9.186913486287118,86.7831557119595,2654.290359532798
4.478319986474695,99.91737556964748,3802.48630274144
4.139816018370226,96.65566656717789,3236.4885681332134
5.429718200186956,82.12825997675958,3322.452654139541
0.9461766843630229,71.0624026647036,3654.227259468363
2.079692003182754,81.80886823541164,2185.1789733554774
7.511319356050519,89.2825809040116,3517.6772596667574
1.2865873452887016,55.91680954616937,1988.1015073912301
6.229945039930688,70.4952444848144,2363.35488061222
2.830816541972549,91.99011428178086,2339.026135674607
4.198308333398777,69.1916475966522,3946.3136709728515
3.242590499321649,78.59361356135932,3641.343059369817
3.878890806417017,79.38846804310991,3252.9246539756496
7.330936099250332,59.22381265668197,3317.6419040384753
3.3226562984201626,68.11177208261442,2905.181986006428
5.8808440828205235,66.72556443709661,3867.726667771298
5.022478820891447,51.30983542660324,2740.646882205904
6.8048760709451575,51.209588194567765,2451.2942746747362
9.399882523585202,91.58485218378868,1907.5883423289774
7.459434923497378,63.65354049864062,3465.514130652645
2.541933596612189,75.90393831194078,3336.109830188979
0.7962397830822043,64.93627867943866,2460.8875963103374
2.9915084208483385,97.03396225576702,1562.9835348980735
6.153240341652421,62.964837943288686,3597.4933192950266
0.9885452281003784,71.48284063694675,1528.544958635184
5.215479348411745,93.63651252423008,3259.2494490726276
6.170007064710448,92.09667833959043,3925.6427743151426
3.6753169627611277,59.305070892313864,2594.1533203705085
7.823665935585308,90.13216548978552,2087.4335124898817
1.5126834047708322,72.90934433689463,3262.1775251084546
1.2138089264901832,74.14844360426775,3542.8203550389626
7.417793183934232,56.67399862079719,2866.075790194618
5.207167503958885,54.03007568785623,3917.5881881403657
7.039822766063493,86.39696534868827,1629.1718041449028
4.630859716735589,74.82305761776499,2761.9889957613204
2.8408193157715145,71.84253513075898,3296.134868306375
8.281472017904896,86.47541143261984,3656.6011778729476
8.094450850205302,88.27564494955548,1948.1390297694752
7.099616473117054,57.94540838346768,3500.0087044092033
3.0853788036846455,80.51125747388207,2881.767689296363
6.107191335256328,56.76770411388428,2491.3842049749082
3.9292520209302544,87.56875430145229,1829.2875714477339
1.3700296966030243,82.84775781335698,3663.239397272281
9.214478966891306,97.8307310541729,1893.1830204492885
1.7997769937301333,53.44790081782106,2274.469648022748
9.527254861297623,52.852736057562716,2225.113829906092
4.737054843100579,64.10935373466,3678.535085477136
